dataset,model,batch_size,optimizer,learning_rate,scheduler,epochs,seed,pin_memory,best_val_acc,test_acc,train_time_ms,flops,timestamp
mnist,resnet18,32,adam,0.001,none,10,35,True,99.07142857142857,99.05,149228.24573516846,0.03G,2026-01-22 00:16:32
mnist,resnet18,32,adam,0.001,cosine,10,35,True,99.44285714285714,99.4,147027.96030044556,0.03G,2026-01-22 00:19:05
mnist,resnet18,32,adam,0.001,none,10,78,True,99.05714285714286,99.06428571428572,145046.537399292,0.03G,2026-01-22 00:19:08
mnist,resnet18,32,adam,0.001,cosine,10,78,True,99.41428571428571,99.48571428571428,149276.0329246521,0.03G,2026-01-22 00:21:45
mnist,resnet18,32,adam,0.001,none,10,13,True,99.02857142857142,99.15,153551.94902420044,0.03G,2026-01-22 00:21:52
mnist,resnet18,32,adam,0.001,cosine,10,13,True,99.38571428571429,99.4,154613.3680343628,0.03G,2026-01-22 00:24:30
mnist,resnet18,32,adam,0.001,plateau,10,35,True,99.07142857142857,99.05,151873.6743927002,0.03G,2026-01-22 00:25:53
mnist,resnet18,32,adam,0.001,plateau,10,78,True,99.05714285714286,99.06428571428572,149702.8980255127,0.03G,2026-01-22 00:28:33
mnist,resnet18,32,adam,0.0001,none,10,35,True,99.12857142857143,99.00714285714285,138226.09400749207,0.03G,2026-01-22 00:29:55
mnist,resnet18,32,adam,0.001,plateau,10,13,True,99.02857142857142,99.15,145674.40724372864,0.03G,2026-01-22 00:31:08
mnist,resnet18,32,adam,0.0001,none,10,78,True,98.92857142857143,99.10714285714286,151203.15599441528,0.03G,2026-01-22 00:32:37
mnist,resnet18,32,adam,0.0001,cosine,10,35,True,99.47142857142858,99.25,163513.4735107422,0.03G,2026-01-22 00:35:02
mnist,resnet18,32,adam,0.0001,none,10,13,True,98.98571428571428,99.08571428571429,167264.60671424866,0.03G,2026-01-22 00:35:37
mnist,resnet18,32,adam,0.0001,cosine,10,78,True,99.22857142857143,99.33571428571429,150349.14898872375,0.03G,2026-01-22 00:37:43
mnist,resnet18,32,adam,0.0001,plateau,10,35,True,99.07142857142857,99.17857142857143,154026.31545066833,0.03G,2026-01-22 00:39:08
mnist,resnet18,32,adam,0.0001,cosine,10,13,True,99.05714285714286,99.21428571428571,149422.14488983154,0.03G,2026-01-22 00:40:23
mnist,resnet18,32,adam,0.0001,plateau,10,78,True,99.07142857142857,99.15714285714286,160655.97248077393,0.03G,2026-01-22 00:41:59
mnist,resnet18,32,adam,0.0001,plateau,10,13,True,98.97142857142858,99.02142857142857,167870.18036842346,0.03G,2026-01-22 00:44:59
mnist,resnet50,32,adam,0.001,none,10,35,True,98.82857142857142,98.81428571428572,355342.9887294769,0.08G,2026-01-22 00:52:46
mnist,resnet18,32,adam,0.001,none,20,35,True,99.41428571428571,99.26428571428572,287471.90952301025,0.03G,2026-01-22 00:53:10
mnist,resnet18,32,adam,0.001,none,20,78,True,99.3,99.27142857142857,305835.0727558136,0.03G,2026-01-22 00:58:35
mnist,resnet50,32,adam,0.001,none,10,78,True,98.71428571428571,98.95,361038.0313396454,0.08G,2026-01-22 00:59:07
mnist,resnet18,32,adam,0.001,cosine,20,35,True,99.54285714285714,99.42857142857143,342560.9219074249,0.03G,2026-01-22 01:03:23
mnist,resnet18,32,adam,0.001,none,20,13,True,99.2,99.20714285714286,318970.2076911926,0.03G,2026-01-22 01:04:14
mnist,resnet50,32,adam,0.001,none,10,13,True,98.77142857142857,98.93571428571428,347556.6167831421,0.08G,2026-01-22 01:05:13
mnist,resnet18,32,adam,0.001,cosine,20,78,True,99.41428571428571,99.45714285714286,317716.48716926575,0.03G,2026-01-22 01:09:02
mnist,resnet18,32,adam,0.001,plateau,20,35,True,99.41428571428571,99.26428571428572,316894.4435119629,0.03G,2026-01-22 01:10:58
mnist,resnet50,32,adam,0.001,plateau,10,35,True,98.82857142857142,98.81428571428572,336326.04002952576,0.08G,2026-01-22 01:12:46
mnist,resnet18,32,adam,0.001,cosine,20,13,True,99.38571428571429,99.4,329268.013715744,0.03G,2026-01-22 01:14:54
mnist,resnet18,32,adam,0.001,plateau,20,78,True,99.34285714285714,99.36428571428571,309124.1490840912,0.03G,2026-01-22 01:16:29
mnist,resnet50,32,adam,0.001,plateau,10,78,True,98.71428571428571,98.95,375712.26263046265,0.08G,2026-01-22 01:19:25
mnist,resnet50,32,adam,0.001,cosine,10,35,True,99.37142857142857,99.25714285714285,377646.9957828522,0.08G,2026-01-22 01:19:42
mnist,resnet18,32,adam,0.001,plateau,20,13,True,99.34285714285714,99.26428571428572,324092.7336215973,0.03G,2026-01-22 01:22:14
mnist,resnet18,32,adam,0.001,cosine,20,35,True,99.54285714285714,99.42857142857143,330464.1044139862,0.03G,2026-01-22 01:23:09
mnist,resnet50,32,adam,0.001,plateau,10,13,True,98.77142857142857,98.93571428571428,383249.36270713806,0.08G,2026-01-22 01:26:12
mnist,resnet50,32,adam,0.001,cosine,10,78,True,99.15714285714286,99.32857142857142,367936.7940425873,0.08G,2026-01-22 01:26:14
mnist,resnet18,32,adam,0.001,cosine,20,78,True,99.41428571428571,99.45714285714286,281151.4277458191,0.03G,2026-01-22 01:28:12
mnist,resnet18,32,adam,0.001,cosine,20,13,True,99.38571428571429,99.4,285689.284324646,0.03G,2026-01-22 01:33:16
mnist,resnet50,32,adam,0.001,cosine,10,13,True,99.28571428571429,99.33571428571429,413740.895986557,0.08G,2026-01-22 01:33:39
mnist,resnet18,32,adam,0.0001,none,20,35,True,99.17142857142858,99.10714285714286,441405.90953826904,0.03G,2026-01-22 01:34:03
mnist,resnet50,32,adam,0.001,none,10,35,True,98.82857142857142,98.81428571428572,415036.1967086792,0.08G,2026-01-22 01:34:57
mnist,resnet18,32,adam,0.0001,none,20,78,True,99.22857142857143,99.24285714285715,303943.45712661743,0.03G,2026-01-22 01:39:27
mnist,resnet50,32,adam,0.001,none,10,78,True,98.71428571428571,98.95,363505.441904068,0.08G,2026-01-22 01:41:22
mnist,resnet18,32,adam,0.0001,none,20,13,True,98.97142857142858,99.02142857142857,192032.34910964966,0.03G,2026-01-22 01:42:53
mnist,resnet50,32,adam,0.001,none,10,13,True,98.77142857142857,98.93571428571428,351318.8111782074,0.08G,2026-01-22 01:47:33
mnist,resnet50,32,adam,0.0001,none,10,35,True,98.47142857142858,98.40714285714286,368429.5823574066,0.08G,2026-01-22 01:54:44
mnist,resnet18,32,adam,0.0001,plateau,20,35,True,99.17142857142858,99.3,356021.76213264465,0.03G,2026-01-22 01:58:28
mnist,resnet50,32,adam,0.0001,none,10,78,True,98.44285714285714,98.70714285714286,364561.5816116333,0.08G,2026-01-22 02:01:12
mnist,resnet18,32,adam,0.0001,plateau,20,78,True,99.22857142857143,99.37142857142857,282809.3526363373,0.03G,2026-01-22 02:03:31
mnist,resnet18,16,sgd,0.001,none,10,35,True,99.11428571428571,98.91428571428571,292594.28000450134,0.03G,2026-01-22 02:18:39
mnist,resnet18,16,sgd,0.001,none,10,78,True,99.2,99.2,311264.0163898468,0.03G,2026-01-22 02:24:06
mnist,resnet18,16,sgd,0.001,none,10,13,True,99.11428571428571,99.17857142857143,305187.313079834,0.03G,2026-01-22 02:29:29
mnist,resnet18,16,sgd,0.001,plateau,10,35,True,99.18571428571428,99.26428571428572,314122.16806411743,0.03G,2026-01-22 02:35:02
mnist,resnet18,16,sgd,0.001,plateau,10,78,True,99.2,99.2,306867.5229549408,0.03G,2026-01-22 02:40:26
mnist,resnet18,16,sgd,0.001,plateau,10,13,True,99.11428571428571,99.17857142857143,302669.291973114,0.03G,2026-01-22 02:45:46
mnist,resnet18,16,sgd,0.001,cosine,10,35,True,99.17142857142858,99.27142857142857,295817.45624542236,0.03G,2026-01-22 02:51:01
mnist,resnet18,16,sgd,0.001,cosine,10,78,True,99.27142857142857,99.37142857142857,304131.6862106323,0.03G,2026-01-22 02:56:23
mnist,resnet18,16,sgd,0.001,cosine,10,13,True,99.15714285714286,99.24285714285715,313694.51093673706,0.03G,2026-01-22 03:01:53
mnist,resnet18,16,sgd,0.0001,none,10,35,True,98.87142857142857,98.92142857142858,304058.65025520325,0.03G,2026-01-22 03:07:18
mnist,resnet18,16,sgd,0.0001,none,10,78,True,98.8,98.94285714285714,288288.36369514465,0.03G,2026-01-22 03:12:23
mnist,resnet18,16,sgd,0.0001,none,10,13,True,98.84285714285714,98.82857142857142,295580.002784729,0.03G,2026-01-22 03:17:36
mnist,resnet18,16,sgd,0.0001,plateau,10,35,True,98.87142857142857,98.92142857142858,305427.9408454895,0.03G,2026-01-22 03:23:02
mnist,resnet18,16,sgd,0.0001,plateau,10,78,True,98.8,98.94285714285714,291721.492767334,0.03G,2026-01-22 03:28:12
mnist,resnet18,16,sgd,0.0001,plateau,10,13,True,98.84285714285714,98.82857142857142,305600.5165576935,0.03G,2026-01-22 03:33:36
mnist,resnet18,16,sgd,0.0001,cosine,10,35,True,98.68571428571428,98.82857142857142,304218.3949947357,0.03G,2026-01-22 03:38:59
mnist,resnet18,16,sgd,0.0001,cosine,10,78,True,98.8,98.93571428571428,307387.1793746948,0.03G,2026-01-22 03:44:23
mnist,resnet18,16,sgd,0.0001,cosine,10,13,True,98.78571428571429,98.73571428571428,297816.02358818054,0.03G,2026-01-22 03:49:38
mnist,resnet18,16,adam,0.001,none,10,35,True,99.27142857142857,99.26428571428572,337593.355178833,0.03G,2026-01-22 03:55:36
mnist,resnet18,16,adam,0.001,none,10,78,True,99.18571428571428,99.19285714285714,324322.58224487305,0.03G,2026-01-22 04:01:16
mnist,resnet18,16,adam,0.001,none,10,13,True,99.24285714285715,99.21428571428571,332443.6550140381,0.03G,2026-01-22 04:07:06
mnist,resnet18,16,adam,0.001,plateau,10,35,True,99.27142857142857,99.26428571428572,339479.6493053436,0.03G,2026-01-22 04:13:06
mnist,resnet18,16,adam,0.001,plateau,10,78,True,99.18571428571428,99.19285714285714,366360.1326942444,0.03G,2026-01-22 04:19:29
mnist,resnet18,16,adam,0.001,plateau,10,13,True,99.24285714285715,99.21428571428571,341897.3898887634,0.03G,2026-01-22 04:25:28
mnist,resnet18,16,adam,0.001,cosine,10,35,True,99.5,99.41428571428571,351074.7878551483,0.03G,2026-01-22 04:31:38
mnist,resnet18,16,adam,0.001,cosine,10,78,True,99.38571428571429,99.54285714285714,314565.93227386475,0.03G,2026-01-22 04:37:09
mnist,resnet18,16,adam,0.001,cosine,10,13,True,99.45714285714286,99.49285714285715,313261.1610889435,0.03G,2026-01-22 04:42:40
mnist,resnet18,16,adam,0.0001,none,10,35,True,99.12857142857143,99.26428571428572,335907.91058540344,0.03G,2026-01-22 04:48:36
mnist,resnet18,16,adam,0.0001,none,10,78,True,99.11428571428571,99.05,326617.54393577576,0.03G,2026-01-22 04:54:19
mnist,resnet18,16,adam,0.0001,none,10,13,True,99.05714285714286,99.16428571428571,322669.7487831116,0.03G,2026-01-22 04:59:58
mnist,resnet18,16,adam,0.0001,plateau,10,35,True,99.12857142857143,99.26428571428572,339931.10966682434,0.03G,2026-01-22 05:05:58
mnist,resnet18,16,adam,0.0001,plateau,10,78,True,99.11428571428571,99.05,327751.11842155457,0.03G,2026-01-22 05:11:44
mnist,resnet18,16,adam,0.0001,plateau,10,13,True,99.05714285714286,99.16428571428571,332605.1330566406,0.03G,2026-01-22 05:17:34
mnist,resnet18,16,adam,0.0001,cosine,10,35,True,99.37142857142857,99.29285714285714,323658.00499916077,0.03G,2026-01-22 05:23:17
mnist,resnet18,16,adam,0.0001,cosine,10,78,True,99.28571428571429,99.24285714285715,328512.16340065,0.03G,2026-01-22 05:29:02
mnist,resnet18,16,adam,0.0001,cosine,10,13,True,99.24285714285715,99.31428571428572,342027.117729187,0.03G,2026-01-22 05:35:01
mnist,resnet18,32,sgd,0.001,none,10,35,True,99.21428571428571,99.15714285714286,147205.14512062073,0.03G,2026-01-22 05:37:40
mnist,resnet18,32,sgd,0.001,none,10,78,True,99.14285714285714,99.05714285714286,154850.6157398224,0.03G,2026-01-22 05:40:25
mnist,resnet18,32,sgd,0.001,none,10,13,True,99.04285714285714,99.18571428571428,136103.53636741638,0.03G,2026-01-22 05:42:52
mnist,resnet18,32,sgd,0.001,plateau,10,35,True,99.21428571428571,99.15714285714286,145587.8391265869,0.03G,2026-01-22 05:45:30
mnist,resnet18,32,sgd,0.001,plateau,10,78,True,99.14285714285714,99.05714285714286,155459.72752571106,0.03G,2026-01-22 05:48:16
mnist,resnet18,32,sgd,0.001,plateau,10,13,True,99.04285714285714,99.18571428571428,145325.22225379944,0.03G,2026-01-22 05:50:52
mnist,resnet18,32,sgd,0.001,cosine,10,35,True,99.22857142857143,99.15,156155.60722351074,0.03G,2026-01-22 05:53:42
mnist,resnet18,32,sgd,0.001,cosine,10,78,True,99.17142857142858,99.26428571428572,152303.9789199829,0.03G,2026-01-22 05:56:25
mnist,resnet18,32,sgd,0.001,cosine,10,13,True,99.02857142857142,99.27857142857142,150535.97474098206,0.03G,2026-01-22 05:59:07
mnist,resnet18,32,sgd,0.0001,none,10,35,True,98.68571428571428,98.55714285714286,155527.91810035706,0.03G,2026-01-22 06:01:57
mnist,resnet18,32,sgd,0.0001,none,10,78,True,98.42857142857143,98.67142857142858,155202.40926742554,0.03G,2026-01-22 06:04:43
mnist,resnet18,32,sgd,0.0001,none,10,13,True,98.52857142857142,98.44285714285714,147906.95643424988,0.03G,2026-01-22 06:07:22
mnist,resnet18,32,sgd,0.0001,plateau,10,35,True,98.68571428571428,98.55714285714286,141633.51845741272,0.03G,2026-01-22 06:09:58
mnist,resnet18,32,sgd,0.0001,plateau,10,78,True,98.42857142857143,98.67142857142858,148022.79591560364,0.03G,2026-01-22 06:12:37
mnist,resnet18,32,sgd,0.0001,plateau,10,13,True,98.52857142857142,98.44285714285714,138769.41585540771,0.03G,2026-01-22 06:15:07
mnist,resnet18,32,sgd,0.0001,cosine,10,35,True,98.48571428571428,98.42142857142858,144365.00525474548,0.03G,2026-01-22 06:17:44
mnist,resnet18,32,sgd,0.0001,cosine,10,78,True,98.4,98.6,142213.0606174469,0.03G,2026-01-22 06:20:17
mnist,resnet18,32,sgd,0.0001,cosine,10,13,True,98.44285714285714,98.21428571428571,136257.49397277832,0.03G,2026-01-22 06:22:45
mnist,resnet18,32,adam,0.001,none,10,35,True,99.14285714285714,99.17142857142858,176393.31936836243,0.03G,2026-01-22 06:25:54
mnist,resnet18,32,adam,0.001,none,10,78,True,99.1,99.06428571428572,160469.70987319946,0.03G,2026-01-22 06:28:45
mnist,resnet18,32,adam,0.001,none,10,13,True,99.11428571428571,99.23571428571428,161457.0894241333,0.03G,2026-01-22 06:31:37
mnist,resnet18,32,adam,0.001,plateau,10,35,True,99.14285714285714,99.17142857142858,158070.3911781311,0.03G,2026-01-22 06:34:29
mnist,resnet18,32,adam,0.001,plateau,10,78,True,99.1,99.06428571428572,154808.92205238342,0.03G,2026-01-22 06:37:14
mnist,resnet18,32,adam,0.001,plateau,10,13,True,99.11428571428571,99.23571428571428,175470.44396400452,0.03G,2026-01-22 06:40:20
mnist,resnet18,32,adam,0.001,cosine,10,35,True,99.44285714285714,99.4,164028.99646759033,0.03G,2026-01-22 06:43:18
mnist,resnet18,32,adam,0.001,cosine,10,78,True,99.41428571428571,99.48571428571428,156955.7240009308,0.03G,2026-01-22 06:46:06
mnist,resnet18,32,adam,0.001,cosine,10,13,True,99.38571428571429,99.4,161894.35863494873,0.03G,2026-01-22 06:48:58
mnist,resnet18,32,adam,0.0001,none,10,35,True,99.12857142857143,99.00714285714285,168461.87114715576,0.03G,2026-01-22 06:52:00
mnist,resnet18,32,adam,0.0001,none,10,78,True,98.92857142857143,99.10714285714286,158636.78765296936,0.03G,2026-01-22 06:54:48
mnist,resnet18,32,adam,0.0001,none,10,13,True,98.98571428571428,99.08571428571429,162874.5105266571,0.03G,2026-01-22 06:57:42
mnist,resnet18,32,adam,0.0001,plateau,10,35,True,99.12857142857143,99.00714285714285,157295.428276062,0.03G,2026-01-22 07:00:32
mnist,resnet18,32,adam,0.0001,plateau,10,78,True,98.92857142857143,99.10714285714286,158598.16789627075,0.03G,2026-01-22 07:03:21
mnist,resnet18,32,adam,0.0001,plateau,10,13,True,98.98571428571428,99.08571428571429,159913.30695152283,0.03G,2026-01-22 07:06:13
mnist,resnet18,32,adam,0.0001,cosine,10,35,True,99.47142857142858,99.25,184721.6920852661,0.03G,2026-01-22 07:09:32
mnist,resnet18,32,adam,0.0001,cosine,10,78,True,99.22857142857143,99.33571428571429,161658.34784507751,0.03G,2026-01-22 07:12:25
mnist,resnet18,32,adam,0.0001,cosine,10,13,True,99.05714285714286,99.21428571428571,162478.9776802063,0.03G,2026-01-22 07:15:17
mnist,resnet18,16,sgd,0.001,none,20,35,True,99.11428571428571,98.91428571428571,300450.65784454346,0.03G,2026-01-22 07:20:37
mnist,resnet18,16,sgd,0.001,none,20,78,True,99.31428571428572,99.37142857142857,561718.0035114288,0.03G,2026-01-22 07:30:27
mnist,resnet18,16,sgd,0.001,none,20,13,True,99.17142857142858,99.17142857142858,576028.3162593842,0.03G,2026-01-22 07:40:31
mnist,resnet18,16,sgd,0.001,plateau,20,35,True,99.31428571428572,99.29285714285714,556585.177898407,0.03G,2026-01-22 07:50:18
mnist,resnet18,16,sgd,0.001,plateau,20,78,True,99.31428571428572,99.37142857142857,560615.2250766754,0.03G,2026-01-22 08:00:07
mnist,resnet18,16,sgd,0.001,plateau,20,13,True,99.22857142857143,99.38571428571429,594205.3594589233,0.03G,2026-01-22 08:10:31
mnist,resnet18,16,sgd,0.001,cosine,20,35,True,99.34285714285714,99.34285714285714,570970.7639217377,0.03G,2026-01-22 08:20:38
mnist,resnet18,16,sgd,0.001,cosine,20,78,True,99.34285714285714,99.40714285714286,653003.6144256592,0.03G,2026-01-22 08:32:01
mnist,resnet18,16,sgd,0.001,cosine,20,13,True,99.27142857142857,99.25714285714285,505273.5764980316,0.03G,2026-01-22 08:40:50
mnist,resnet18,16,sgd,0.0001,none,20,35,True,98.87142857142857,98.92142857142858,472240.9977912903,0.03G,2026-01-22 08:49:11
mnist,resnet18,16,sgd,0.0001,none,20,78,True,99.05714285714286,99.02142857142857,531565.6168460846,0.03G,2026-01-22 08:58:36
mnist,resnet18,16,sgd,0.0001,none,20,13,True,98.94285714285714,98.98571428571428,479534.0211391449,0.03G,2026-01-22 09:07:06
mnist,resnet18,16,sgd,0.0001,plateau,20,35,True,98.87142857142857,98.92142857142858,397666.7420864105,0.03G,2026-01-22 09:14:13
mnist,resnet18,16,sgd,0.0001,plateau,20,78,True,99.02857142857142,99.02142857142857,468516.8180465698,0.03G,2026-01-22 09:22:34
mnist,resnet18,16,sgd,0.0001,plateau,20,13,True,98.94285714285714,98.98571428571428,650275.2013206482,0.03G,2026-01-22 09:34:08
mnist,resnet18,16,sgd,0.0001,cosine,20,35,True,98.8,98.95,578062.2625350952,0.03G,2026-01-22 09:44:29
mnist,resnet18,16,sgd,0.0001,cosine,20,78,True,99.11428571428571,99.08571428571429,737540.9095287323,0.03G,2026-01-22 09:57:36
fashionmnist,resnet18,16,sgd,0.001,none,10,35,True,90.78571428571429,91.05714285714286,408202.5134563446,0.03G,2026-01-22 10:09:25
mnist,resnet18,16,sgd,0.0001,cosine,20,13,True,98.8,98.94285714285714,690199.0420818329,0.03G,2026-01-22 10:09:56
fashionmnist,resnet18,16,sgd,0.001,none,10,78,True,91.21428571428571,90.77142857142857,378201.3318538666,0.03G,2026-01-22 10:16:13
mnist,resnet18,16,adam,0.001,none,20,35,True,99.27142857142857,99.26428571428572,560858.7110042572,0.03G,2026-01-22 10:20:02
fashionmnist,resnet50,16,sgd,0.001,none,10,35,True,89.48571428571428,89.45,732096.4875221252,0.08G,2026-01-22 10:22:25
fashionmnist,resnet18,16,sgd,0.001,none,10,13,True,90.67142857142858,91.25,456527.7509689331,0.03G,2026-01-22 10:24:31
mnist,resnet18,16,adam,0.001,none,20,78,True,99.18571428571428,99.19285714285714,654879.7996044159,0.03G,2026-01-22 10:31:46
mnist,resnet50,16,sgd,0.001,none,10,35,True,98.71428571428571,98.92142857142858,786979.6731472015,0.08G,2026-01-22 10:33:48
fashionmnist,resnet18,16,sgd,0.001,plateau,10,35,True,90.78571428571429,91.05714285714286,530621.1099624634,0.03G,2026-01-22 10:34:09
fashionmnist,resnet50,16,sgd,0.001,none,10,78,True,89.82857142857142,89.51428571428572,779925.1990318298,0.08G,2026-01-22 10:36:34
fashionmnist,resnet18,16,sgd,0.001,plateau,10,78,True,91.21428571428571,90.77142857142857,530329.9374580383,0.03G,2026-01-22 10:43:45
mnist,resnet18,16,adam,0.001,none,20,13,True,99.24285714285715,99.21428571428571,809479.0434837341,0.03G,2026-01-22 10:46:12
mnist,resnet50,16,sgd,0.001,none,10,78,True,98.91428571428571,99.12142857142857,776366.8892383575,0.08G,2026-01-22 10:47:46
fashionmnist,resnet50,16,sgd,0.001,none,10,13,True,89.2,89.51428571428572,767936.4361763,0.08G,2026-01-22 10:50:30
fashionmnist,resnet18,16,sgd,0.001,plateau,10,13,True,90.67142857142858,91.25,518916.9566631317,0.03G,2026-01-22 10:53:09
mnist,resnet18,16,adam,0.001,plateau,20,35,True,99.27142857142857,99.26428571428572,748055.8943748474,0.03G,2026-01-22 10:59:39
mnist,resnet50,16,sgd,0.001,none,10,13,True,98.81428571428572,98.9,771009.9427700043,0.08G,2026-01-22 11:01:41
fashionmnist,resnet18,16,sgd,0.001,cosine,10,35,True,91.62857142857143,91.45,524293.4765815735,0.03G,2026-01-22 11:02:42
fashionmnist,resnet50,16,sgd,0.001,plateau,10,35,True,89.48571428571428,89.45,776007.8248977661,0.08G,2026-01-22 11:04:34
fashionmnist,resnet18,16,sgd,0.001,cosine,10,78,True,91.74285714285715,91.39285714285714,526672.9891300201,0.03G,2026-01-22 11:12:14
mnist,resnet50,16,sgd,0.001,plateau,10,35,True,98.71428571428571,98.92142857142858,779082.001209259,0.08G,2026-01-22 11:15:48
mnist,resnet18,16,adam,0.001,plateau,20,78,True,99.35714285714286,99.37857142857143,1061754.3115615845,0.03G,2026-01-22 11:18:35
fashionmnist,resnet50,16,sgd,0.001,plateau,10,78,True,89.82857142857142,89.51428571428572,776572.1724033356,0.08G,2026-01-22 11:18:36
fashionmnist,resnet18,16,sgd,0.001,cosine,10,13,True,91.45714285714286,91.79285714285714,551099.1361141205,0.03G,2026-01-22 11:22:18
fashionmnist,resnet18,16,sgd,0.0001,none,10,35,True,89.74285714285715,89.5,700598.8667011261,0.03G,2026-01-22 11:35:04
fashionmnist,resnet50,16,sgd,0.001,plateau,10,13,True,89.2,89.51428571428572,927980.546951294,0.08G,2026-01-22 11:35:36
mnist,resnet50,32,sgd,0.001,none,10,35,True,98.74285714285715,98.72857142857143,498084.41710472107,0.08G,2026-01-22 11:45:01
fashionmnist,resnet18,16,sgd,0.0001,none,10,78,True,89.67142857142858,89.22857142857143,618443.3963298798,0.03G,2026-01-22 11:46:13
fashionmnist,resnet50,16,sgd,0.001,cosine,10,35,True,90.1,89.97142857142858,818605.8094501495,0.08G,2026-01-22 11:50:17
fashionmnist,resnet18,16,sgd,0.0001,none,10,13,True,89.7,89.92857142857143,280728.9493083954,0.03G,2026-01-22 11:51:15
fashionmnist,resnet18,16,sgd,0.0001,cosine,10,35,True,89.58571428571429,89.43571428571428,280849.0252494812,0.03G,2026-01-22 11:56:22
mnist,resnet18,16,adam,0.001,cosine,20,35,True,99.45714285714286,99.30714285714286,652002.9044151306,0.03G,2026-01-22 11:59:52
fashionmnist,resnet50,16,sgd,0.001,cosine,10,78,True,90.65714285714286,90.42142857142858,608820.3122615814,0.08G,2026-01-22 12:01:05
mnist,resnet50,16,sgd,0.001,cosine,10,35,True,98.97142857142858,99.00714285714285,777311.2735748291,0.08G,2026-01-22 12:01:11
fashionmnist,resnet18,16,sgd,0.0001,cosine,10,78,True,89.88571428571429,89.30714285714286,278680.83238601685,0.03G,2026-01-22 12:01:22
fashionmnist,resnet18,16,sgd,0.0001,cosine,10,13,True,89.67142857142858,89.73571428571428,281091.67861938477,0.03G,2026-01-22 12:06:23
fashionmnist,resnet50,16,sgd,0.001,cosine,10,13,True,89.37142857142857,90.0,607168.0624485016,0.08G,2026-01-22 12:11:52
fashionmnist,resnet18,16,adam,0.001,none,10,35,True,91.21428571428571,91.25714285714285,309966.12334251404,0.03G,2026-01-22 12:11:56
mnist,resnet50,16,sgd,0.001,cosine,10,78,True,98.94285714285714,99.18571428571428,822609.703540802,0.08G,2026-01-22 12:16:03
fashionmnist,resnet18,16,adam,0.001,none,10,78,True,91.34285714285714,91.07142857142857,359602.4532318115,0.03G,2026-01-22 12:18:21
mnist,resnet18,16,adam,0.001,cosine,20,78,True,99.35714285714286,99.52142857142857,1084241.0862445831,0.03G,2026-01-22 12:19:22
fashionmnist,resnet50,16,sgd,0.0001,none,10,35,True,87.22857142857143,87.24285714285715,649758.5217952728,0.08G,2026-01-22 12:23:29
fashionmnist,resnet18,16,adam,0.001,none,10,13,True,91.47142857142858,91.43571428571428,315260.4150772095,0.03G,2026-01-22 12:23:58
fashionmnist,resnet18,16,adam,0.001,cosine,10,35,True,92.18571428571428,92.04285714285714,312331.57086372375,0.03G,2026-01-22 12:29:37
mnist,resnet50,16,sgd,0.001,cosine,10,13,True,99.04285714285714,99.1,825363.6412620544,0.08G,2026-01-22 12:30:59
fashionmnist,resnet50,16,sgd,0.0001,none,10,78,True,86.78571428571429,86.59285714285714,623398.1969356537,0.08G,2026-01-22 12:34:32
fashionmnist,resnet18,16,adam,0.001,cosine,10,78,True,92.35714285714286,92.04285714285714,312889.6231651306,0.03G,2026-01-22 12:35:12
mnist,resnet18,16,adam,0.001,cosine,20,13,True,99.4,99.36428571428571,1095248.9535808563,0.03G,2026-01-22 12:38:59
fashionmnist,resnet18,16,adam,0.001,cosine,10,13,True,92.28571428571429,92.57142857142857,311060.528755188,0.03G,2026-01-22 12:40:45
fashionmnist,resnet50,16,sgd,0.0001,none,10,13,True,87.1,87.16428571428571,621058.3126544952,0.08G,2026-01-22 12:45:35
mnist,resnet50,16,sgd,0.0001,none,10,35,True,98.21428571428571,98.35,815462.2213840485,0.08G,2026-01-22 12:45:47
fashionmnist,resnet18,16,adam,0.0001,none,10,35,True,91.11428571428571,91.24285714285715,315906.15725517273,0.03G,2026-01-22 12:46:25
fashionmnist,resnet18,16,adam,0.0001,none,10,78,True,90.61428571428571,90.53571428571429,313344.3684577942,0.03G,2026-01-22 12:51:59
fashionmnist,resnet50,16,sgd,0.0001,cosine,10,35,True,87.11428571428571,86.26428571428572,620002.691745758,0.08G,2026-01-22 12:56:41
fashionmnist,resnet18,16,adam,0.0001,none,10,13,True,90.67142857142858,90.83571428571429,314621.887922287,0.03G,2026-01-22 12:57:35
mnist,resnet50,16,sgd,0.0001,none,10,78,True,98.4,98.56428571428572,843030.3857326508,0.08G,2026-01-22 13:00:58
fashionmnist,resnet18,16,adam,0.0001,cosine,10,35,True,91.14285714285714,91.22857142857143,314615.00787734985,0.03G,2026-01-22 13:03:19
fashionmnist,resnet50,16,sgd,0.0001,cosine,10,78,True,86.15714285714286,86.32857142857142,625997.0407485962,0.08G,2026-01-22 13:07:53
fashionmnist,resnet18,16,adam,0.0001,cosine,10,78,True,91.18571428571428,90.71428571428571,312640.06996154785,0.03G,2026-01-22 13:08:53
fashionmnist,resnet18,16,adam,0.0001,cosine,10,13,True,91.38571428571429,91.44285714285714,354986.914396286,0.03G,2026-01-22 13:15:12
mnist,resnet18,16,adam,0.0001,none,20,35,True,99.37142857142857,99.28571428571429,1120091.4442539215,0.03G,2026-01-22 13:15:42
mnist,resnet50,16,sgd,0.0001,none,10,13,True,98.34285714285714,98.48571428571428,826712.0435237885,0.08G,2026-01-22 13:15:52
fashionmnist,resnet18,32,sgd,0.001,none,10,35,True,90.21428571428571,90.08571428571429,143771.26836776733,0.03G,2026-01-22 13:17:52
fashionmnist,resnet50,16,sgd,0.0001,cosine,10,13,True,86.84285714285714,86.87142857142857,647268.4507369995,0.08G,2026-01-22 13:19:26
fashionmnist,resnet18,32,sgd,0.001,none,10,78,True,90.6,90.5,145070.18661499023,0.03G,2026-01-22 13:20:30
fashionmnist,resnet18,32,sgd,0.001,none,10,13,True,90.6,90.62857142857143,155095.98779678345,0.03G,2026-01-22 13:23:18
fashionmnist,resnet18,32,sgd,0.001,cosine,10,35,True,90.71428571428571,91.18571428571428,154599.69305992126,0.03G,2026-01-22 13:26:11
mnist,resnet50,16,sgd,0.0001,cosine,10,35,True,98.01428571428572,98.12857142857143,664531.6116809845,0.08G,2026-01-22 13:27:42
fashionmnist,resnet18,32,sgd,0.001,cosine,10,78,True,91.42857142857143,90.67142857142858,174074.54776763916,0.03G,2026-01-22 13:29:21
fashionmnist,resnet50,16,adam,0.001,none,10,35,True,87.54285714285714,87.77857142857142,765626.2347698212,0.08G,2026-01-22 13:33:03
fashionmnist,resnet18,32,sgd,0.001,cosine,10,13,True,91.0,91.07857142857142,263956.4793109894,0.03G,2026-01-22 13:34:14
fashionmnist,resnet18,32,sgd,0.0001,none,10,35,True,88.85714285714286,88.95714285714286,266517.945766449,0.03G,2026-01-22 13:39:09
mnist,resnet50,16,sgd,0.0001,cosine,10,78,True,98.11428571428571,98.33571428571429,737682.9030513763,0.08G,2026-01-22 13:41:00
fashionmnist,resnet18,32,sgd,0.0001,none,10,78,True,89.24285714285715,88.80714285714286,271954.87570762634,0.03G,2026-01-22 13:44:09
fashionmnist,resnet18,32,sgd,0.0001,none,10,13,True,88.68571428571428,89.0,267641.67189598083,0.03G,2026-01-22 13:49:04
fashionmnist,resnet50,16,adam,0.001,none,10,78,True,90.68571428571428,90.70714285714286,932434.4675540924,0.08G,2026-01-22 13:49:44
fashionmnist,resnet18,32,sgd,0.0001,cosine,10,35,True,88.62857142857143,88.82142857142857,268236.4070415497,0.03G,2026-01-22 13:54:05
mnist,resnet50,16,sgd,0.0001,cosine,10,13,True,98.24285714285715,98.13571428571429,780827.0783424377,0.08G,2026-01-22 13:55:06
fashionmnist,resnet18,32,sgd,0.0001,cosine,10,78,True,89.21428571428571,88.42142857142858,269641.6320800781,0.03G,2026-01-22 13:59:02
fashionmnist,resnet18,32,sgd,0.0001,cosine,10,13,True,88.54285714285714,88.80714285714286,269950.0427246094,0.03G,2026-01-22 14:04:00
fashionmnist,resnet50,16,adam,0.001,none,10,13,True,89.5,89.64285714285714,939948.0829238892,0.08G,2026-01-22 14:06:31
fashionmnist,resnet18,32,adam,0.001,none,10,35,True,90.88571428571429,91.40714285714286,281759.36698913574,0.03G,2026-01-22 14:09:11
mnist,resnet50,16,adam,0.001,none,10,35,True,98.94285714285714,99.00714285714285,870470.1373577118,0.08G,2026-01-22 14:10:43
fashionmnist,resnet18,32,adam,0.001,none,10,78,True,91.11428571428571,91.25,286048.95997047424,0.03G,2026-01-22 14:14:24
fashionmnist,resnet18,32,adam,0.001,none,10,13,True,91.1,91.22857142857143,287561.7241859436,0.03G,2026-01-22 14:19:40
fashionmnist,resnet50,16,adam,0.001,cosine,10,35,True,91.72857142857143,91.57142857142857,953771.7163562775,0.08G,2026-01-22 14:23:39
fashionmnist,resnet18,32,adam,0.001,cosine,10,35,True,92.05714285714286,92.15714285714286,283737.2131347656,0.03G,2026-01-22 14:24:56
mnist,resnet50,16,adam,0.001,none,10,78,True,98.78571428571429,98.93571428571428,874701.1070251465,0.08G,2026-01-22 14:26:23
fashionmnist,resnet18,32,adam,0.001,cosine,10,78,True,92.42857142857143,92.19285714285714,283547.5640296936,0.03G,2026-01-22 14:30:07
fashionmnist,resnet18,32,adam,0.001,cosine,10,13,True,92.18571428571428,92.56428571428572,286764.59789276123,0.03G,2026-01-22 14:35:23
fashionmnist,resnet18,32,adam,0.0001,none,10,35,True,90.4,90.3,285452.5411128998,0.03G,2026-01-22 14:40:38
fashionmnist,resnet50,16,adam,0.001,cosine,10,78,True,92.01428571428572,91.41428571428571,954879.7845840454,0.08G,2026-01-22 14:40:42
mnist,resnet50,16,adam,0.001,none,10,13,True,98.95714285714286,98.8,875742.4981594086,0.08G,2026-01-22 14:42:01
fashionmnist,resnet18,32,adam,0.0001,none,10,78,True,90.15714285714286,89.98571428571428,283892.1802043915,0.03G,2026-01-22 14:45:49
fashionmnist,resnet18,32,adam,0.0001,none,10,13,True,90.0,90.0,285819.6313381195,0.03G,2026-01-22 14:51:02
fashionmnist,resnet18,32,adam,0.0001,cosine,10,35,True,90.85714285714286,90.26428571428572,286638.7450695038,0.03G,2026-01-22 14:56:22
mnist,resnet50,16,adam,0.001,cosine,10,35,True,99.4,99.35714285714286,871183.7158203125,0.08G,2026-01-22 14:57:40
fashionmnist,resnet50,16,adam,0.001,cosine,10,13,True,91.94285714285714,92.32142857142857,953361.2766265869,0.08G,2026-01-22 14:57:44
fashionmnist,resnet18,32,adam,0.0001,cosine,10,78,True,90.94285714285714,90.67142857142858,285075.5829811096,0.03G,2026-01-22 15:01:34
fashionmnist,resnet18,32,adam,0.0001,cosine,10,13,True,90.21428571428571,90.82142857142857,287351.9024848938,0.03G,2026-01-22 15:06:49
mnist,resnet50,16,adam,0.001,cosine,10,78,True,99.2,99.36428571428571,875818.051815033,0.08G,2026-01-22 15:13:19
fashionmnist,resnet50,16,adam,0.0001,none,10,35,True,89.71428571428571,89.84285714285714,941719.7811603546,0.08G,2026-01-22 15:14:34
fashionmnist,resnet18,16,sgd,0.001,none,20,35,True,90.78571428571429,91.05714285714286,753059.271812439,0.03G,2026-01-22 15:20:28
fashionmnist,resnet50,16,adam,0.0001,cosine,10,35,True,89.77142857142857,90.01428571428572,828400.6340503693,0.08G,2026-01-22 15:38:19
fashionmnist,resnet50,16,adam,0.0001,cosine,10,78,True,90.34285714285714,89.86428571428571,828432.3680400848,0.08G,2026-01-22 15:53:07
fashionmnist,resnet50,16,adam,0.0001,cosine,10,13,True,89.91428571428571,90.07142857142857,823417.688369751,0.08G,2026-01-22 16:07:50
fashionmnist,resnet50,32,sgd,0.001,cosine,10,35,True,89.0,89.21428571428571,379888.0572319031,0.08G,2026-01-22 16:14:47
fashionmnist,resnet50,32,sgd,0.001,cosine,10,78,True,89.38571428571429,89.07857142857142,389890.1963233948,0.08G,2026-01-22 16:21:51
fashionmnist,resnet50,32,sgd,0.001,cosine,10,13,True,88.67142857142858,89.13571428571429,379481.192111969,0.08G,2026-01-22 16:28:39
fashionmnist,resnet50,16,sgd,0.001,none,20,35,True,90.5,90.12142857142857,1655961.9529247284,0.08G,2026-01-22 15:20:36
fashionmnist,resnet50,16,sgd,0.001,none,20,78,True,90.6,90.4,1741598.138809204,0.08G,2026-01-22 15:50:59
fashionmnist,resnet50,16,sgd,0.001,none,20,13,True,89.77142857142857,90.08571428571429,1573845.1173305511,0.08G,2026-01-22 16:18:28
fashionmnist,resnet50,32,sgd,0.0001,cosine,10,35,True,85.25714285714285,85.15714285714286,388807.1985244751,0.08G,2026-01-22 16:35:47
fashionmnist,resnet50,32,sgd,0.0001,cosine,10,78,True,85.75714285714285,85.30714285714286,385836.4815711975,0.08G,2026-01-22 16:42:48
fashionmnist,resnet50,32,sgd,0.0001,cosine,10,13,True,85.21428571428571,85.51428571428572,387689.3196105957,0.08G,2026-01-22 16:49:51
fashionmnist,resnet50,32,adam,0.001,cosine,10,35,True,91.41428571428571,91.17142857142858,431105.70764541626,0.08G,2026-01-22 16:57:39
fashionmnist,resnet50,32,adam,0.001,cosine,10,78,True,91.12857142857143,91.02857142857142,432722.2013473511,0.08G,2026-01-22 17:05:26
fashionmnist,resnet50,32,adam,0.001,cosine,10,13,True,91.85714285714286,92.06428571428572,429478.37471961975,0.08G,2026-01-22 17:13:09
fashionmnist,resnet50,32,adam,0.0001,cosine,10,35,True,88.15714285714286,88.55,438475.5537509918,0.08G,2026-01-22 17:21:04
fashionmnist,resnet50,32,adam,0.0001,cosine,10,78,True,89.05714285714286,88.66428571428571,436625.07796287537,0.08G,2026-01-22 17:28:55
fashionmnist,resnet50,32,adam,0.0001,cosine,10,13,True,88.74285714285715,88.67142857142858,437721.70758247375,0.08G,2026-01-22 17:36:50
fashionmnist,resnet50,16,sgd,0.001,cosine,20,35,True,90.71428571428571,90.46428571428571,1503340.485572815,0.08G,2026-01-22 18:03:43
fashionmnist,resnet50,16,sgd,0.001,cosine,20,78,True,90.65714285714286,90.52857142857142,1496772.650718689,0.08G,2026-01-22 18:30:29
fashionmnist,resnet50,16,sgd,0.001,cosine,20,13,True,89.81428571428572,90.40714285714286,1354731.2905788422,0.08G,2026-01-22 18:54:41
fashionmnist,resnet50,16,sgd,0.0001,cosine,20,35,True,88.58571428571429,88.32857142857142,1488048.7172603607,0.08G,2026-01-22 19:21:09
fashionmnist,resnet50,16,sgd,0.0001,cosine,20,78,True,89.04285714285714,88.2,1510052.9997348785,0.08G,2026-01-22 19:48:06
fashionmnist,resnet50,16,sgd,0.0001,cosine,20,13,True,88.34285714285714,88.3,1519944.7860717773,0.08G,2026-01-22 20:15:19
fashionmnist,resnet50,16,adam,0.001,cosine,20,35,True,91.87142857142857,91.53571428571429,1663622.3995685577,0.08G,2026-01-22 20:44:54
fashionmnist,resnet50,16,adam,0.001,cosine,20,78,True,92.01428571428572,91.9,1672139.78099823,0.08G,2026-01-22 21:14:35
fashionmnist,resnet50,16,adam,0.001,cosine,20,13,True,91.8,91.65,1663071.7754364014,0.08G,2026-01-22 21:44:00
mnist,resnet50,16,adam,0.001,cosine,10,13,True,99.31428571428572,99.39285714285714,658886.98554039,0.08G,2026-01-22 22:12:43
fashionmnist,resnet50,16,adam,0.0001,cosine,20,35,True,90.7,90.89285714285714,1734538.6242866516,0.08G,2026-01-22 22:14:41
mnist,resnet50,16,adam,0.0001,cosine,10,35,True,98.82857142857142,99.01428571428572,622250.1051425934,0.08G,2026-01-22 22:23:44
mnist,resnet50,16,adam,0.0001,cosine,10,78,True,98.77142857142857,98.93571428571428,656732.579946518,0.08G,2026-01-22 22:35:15
fashionmnist,resnet50,16,adam,0.0001,cosine,20,78,True,90.44285714285714,90.1,1223259.423494339,0.08G,2026-01-22 22:36:20
mnist,resnet50,16,adam,0.0001,cosine,10,13,True,99.05714285714286,98.96428571428571,664046.8120574951,0.08G,2026-01-22 22:46:55
mnist,resnet50,32,sgd,0.001,cosine,10,35,True,98.95714285714286,98.77857142857142,278799.30305480957,0.08G,2026-01-22 22:51:58
fashionmnist,resnet50,16,adam,0.0001,cosine,20,13,True,90.5,90.17857142857143,1123080.2686214447,0.08G,2026-01-22 22:56:18
mnist,resnet50,32,sgd,0.001,cosine,10,78,True,98.91428571428571,98.94285714285714,295668.7502861023,0.08G,2026-01-22 22:57:16
mnist,resnet50,32,sgd,0.001,cosine,10,13,True,98.9,98.87857142857143,311238.2788658142,0.08G,2026-01-22 23:02:51
mnist,resnet50,32,sgd,0.0001,cosine,10,35,True,97.55714285714286,97.32142857142857,310232.9580783844,0.08G,2026-01-22 23:08:26
fashionmnist,resnet50,32,sgd,0.001,cosine,20,35,True,89.55714285714286,89.63571428571429,816790.3201580048,0.08G,2026-01-22 23:10:59
mnist,resnet50,32,sgd,0.0001,cosine,10,78,True,97.51428571428572,97.50714285714285,285621.5934753418,0.08G,2026-01-22 23:13:36
mnist,resnet50,32,sgd,0.0001,cosine,10,13,True,97.35714285714286,97.60714285714286,305217.0889377594,0.08G,2026-01-22 23:19:03
mnist,resnet50,32,adam,0.0001,cosine,10,35,True,98.64285714285714,98.43571428571428,333451.806306839,0.08G,2026-01-22 23:25:03
fashionmnist,resnet50,32,sgd,0.001,cosine,20,78,True,89.85714285714286,89.35714285714286,812138.05103302,0.08G,2026-01-22 23:25:32
mnist,resnet50,32,adam,0.0001,cosine,10,78,True,98.58571428571429,98.72857142857143,320425.4982471466,0.08G,2026-01-22 23:30:45
mnist,resnet50,32,adam,0.0001,cosine,10,13,True,98.68571428571428,98.59285714285714,344735.27932167053,0.08G,2026-01-22 23:36:52
fashionmnist,resnet50,32,sgd,0.001,cosine,20,13,True,89.78571428571429,89.69285714285714,767534.996509552,0.08G,2026-01-22 23:39:20
fashionmnist,resnet50,32,sgd,0.0001,cosine,20,35,True,87.68571428571428,86.57857142857142,794992.5174713135,0.08G,2026-01-22 23:53:42
mnist,resnet50,16,sgd,0.001,cosine,20,35,True,99.14285714285714,99.08571428571429,1150593.8351154327,0.08G,2026-01-22 23:57:08
fashionmnist,resnet50,32,sgd,0.0001,cosine,20,78,True,87.51428571428572,86.90714285714286,791006.9630146027,0.08G,2026-01-23 00:07:59
mnist,resnet50,16,sgd,0.001,cosine,20,78,True,99.02857142857142,99.19285714285714,1020252.1085739136,0.08G,2026-01-23 00:15:00
fashionmnist,resnet50,32,sgd,0.0001,cosine,20,13,True,87.0,87.22857142857143,778048.1579303741,0.08G,2026-01-23 00:21:53
mnist,resnet50,16,sgd,0.001,cosine,20,13,True,99.02857142857142,99.05714285714286,1093087.074995041,0.08G,2026-01-23 00:34:03
fashionmnist,resnet50,32,adam,0.001,cosine,20,35,True,91.97142857142858,91.85714285714286,819550.5924224854,0.08G,2026-01-23 00:36:14
fashionmnist,resnet50,32,adam,0.001,cosine,20,78,True,91.45714285714286,91.58571428571429,710795.1984405518,0.08G,2026-01-23 00:48:42
mnist,resnet50,16,sgd,0.0001,cosine,20,35,True,98.54285714285714,98.52857142857142,1356354.9201488495,0.08G,2026-01-23 00:57:44
fashionmnist,resnet50,32,adam,0.001,cosine,20,13,True,91.64285714285714,91.89285714285714,725138.2751464844,0.08G,2026-01-23 01:01:25
mnist,resnet50,16,sgd,0.0001,cosine,20,78,True,98.48571428571428,98.41428571428571,887602.0166873932,0.08G,2026-01-23 01:13:14
fashionmnist,resnet50,32,adam,0.0001,cosine,20,35,True,89.95714285714286,89.4,707817.0230388641,0.08G,2026-01-23 01:13:53
fashionmnist,resnet50,32,adam,0.0001,cosine,20,78,True,90.0,89.33571428571429,719339.0276432037,0.08G,2026-01-23 01:26:32
mnist,resnet50,16,sgd,0.0001,cosine,20,13,True,98.47142857142858,98.51428571428572,1316360.7895374298,0.08G,2026-01-23 01:36:13
fashionmnist,resnet50,32,adam,0.0001,cosine,20,13,True,89.65714285714286,89.82857142857142,694895.9221839905,0.08G,2026-01-23 01:38:44
fashionmnist,resnet18,16,sgd,0.001,cosine,20,35,True,91.78571428571429,91.5,545392.6289081573,0.03G,2026-01-23 01:48:38
mnist,resnet50,16,adam,0.001,cosine,20,35,True,99.17142857142858,99.28571428571429,1280954.2481899261,0.08G,2026-01-23 01:58:57
fashionmnist,resnet18,16,sgd,0.001,cosine,20,78,True,91.72857142857143,91.37142857142857,689785.758972168,0.03G,2026-01-23 02:00:54
fashionmnist,resnet18,16,sgd,0.001,cosine,20,13,True,91.67142857142858,91.80714285714286,753947.6108551025,0.03G,2026-01-23 02:14:18
fashionmnist,resnet18,16,sgd,0.0001,cosine,20,35,True,90.05714285714286,90.04285714285714,645364.6116256714,0.03G,2026-01-23 02:25:48
mnist,resnet50,16,adam,0.001,cosine,20,78,True,99.34285714285714,99.47857142857143,1729906.730890274,0.08G,2026-01-23 02:29:32
fashionmnist,resnet18,16,sgd,0.0001,cosine,20,78,True,90.51428571428572,89.73571428571428,653619.1370487213,0.03G,2026-01-23 02:37:25
fashionmnist,resnet18,16,sgd,0.0001,cosine,20,13,True,89.78571428571429,89.62142857142857,524299.7505664825,0.03G,2026-01-23 02:46:46
fashionmnist,resnet34,16,adam,0.001,cosine,20,35,True,92.27142857142857,91.77857142857142,923336.4176750183,0.07G,2026-01-23 02:51:24
mnist,resnet50,16,adam,0.001,cosine,20,13,True,99.27142857142857,99.32142857142857,1700978.4967899323,0.08G,2026-01-23 02:59:30
fashionmnist,resnet18,16,adam,0.001,cosine,20,35,True,92.02857142857142,92.05,841748.702287674,0.03G,2026-01-23 03:01:39
fashionmnist,resnet34,16,adam,0.001,cosine,20,78,True,91.8,91.59285714285714,1025271.3420391083,0.07G,2026-01-23 03:09:19
fashionmnist,resnet18,16,adam,0.001,cosine,20,78,True,92.11428571428571,91.48571428571428,533329.2071819305,0.03G,2026-01-23 03:11:04
fashionmnist,resnet18,16,adam,0.001,cosine,20,13,True,91.97142857142858,92.17142857142858,798400.7399082184,0.03G,2026-01-23 03:25:12
fashionmnist,resnet34,16,adam,0.001,cosine,20,13,True,92.17142857142858,92.15714285714286,951655.7724475861,0.07G,2026-01-23 03:26:00
mnist,resnet50,16,adam,0.0001,cosine,20,35,True,99.28571428571429,99.25,1744344.1889286041,0.08G,2026-01-23 03:30:22
fashionmnist,resnet18,16,adam,0.0001,cosine,20,35,True,91.52857142857142,91.26428571428572,840194.6802139282,0.03G,2026-01-23 03:40:07
fashionmnist,resnet34,16,adam,0.001,none,20,35,True,91.9,91.67142857142858,966162.5328063965,0.07G,2026-01-23 03:42:57
fashionmnist,resnet18,16,adam,0.0001,cosine,20,78,True,91.38571428571429,91.12142857142857,757571.453332901,0.03G,2026-01-23 03:53:33
fashionmnist,resnet34,16,adam,0.001,none,20,78,True,91.34285714285714,91.1,724088.413476944,0.07G,2026-01-23 03:55:39
mnist,resnet50,16,adam,0.0001,cosine,20,78,True,99.18571428571428,99.29285714285714,1755487.0636463165,0.08G,2026-01-23 04:01:24
fashionmnist,resnet18,16,adam,0.0001,cosine,20,13,True,91.35714285714286,91.57857142857142,761303.1432628632,0.03G,2026-01-23 04:07:00
fashionmnist,resnet34,16,adam,0.001,none,20,13,True,91.28571428571429,91.5,762027.5185108185,0.07G,2026-01-23 04:09:02
fashionmnist,resnet18,32,sgd,0.001,cosine,20,35,True,91.02857142857142,91.12857142857143,371251.22022628784,0.03G,2026-01-23 04:13:45
fashionmnist,resnet18,32,sgd,0.001,cosine,20,78,True,91.35714285714286,91.18571428571428,370329.4084072113,0.03G,2026-01-23 04:20:23
mnist,resnet50,16,adam,0.0001,cosine,20,13,True,99.08571428571429,98.88571428571429,1095566.0598278046,0.08G,2026-01-23 04:20:47
fashionmnist,resnet18,32,sgd,0.001,cosine,20,13,True,91.45714285714286,91.5,353340.0683403015,0.03G,2026-01-23 04:26:45
fashionmnist,resnet18,32,sgd,0.0001,cosine,20,35,True,89.41428571428571,89.63571428571429,305539.20221328735,0.03G,2026-01-23 04:32:18
mnist,resnet50,32,sgd,0.001,cosine,20,35,True,99.04285714285714,98.88571428571429,785107.8572273254,0.08G,2026-01-23 04:34:56
fashionmnist,resnet18,32,sgd,0.0001,cosine,20,78,True,89.41428571428571,88.86428571428571,310878.18932533264,0.03G,2026-01-23 04:37:54
fashionmnist,resnet18,32,sgd,0.0001,cosine,20,13,True,89.48571428571428,89.27142857142857,337270.21527290344,0.03G,2026-01-23 04:43:55
mnist,resnet50,32,sgd,0.001,cosine,20,78,True,99.01428571428572,98.95714285714286,776220.0813293457,0.08G,2026-01-23 04:48:52
fashionmnist,resnet18,32,adam,0.001,cosine,20,35,True,92.21428571428571,91.92857142857143,400871.9780445099,0.03G,2026-01-23 04:51:10
fashionmnist,resnet18,32,adam,0.001,cosine,20,78,True,92.02857142857142,91.84285714285714,379388.35859298706,0.03G,2026-01-23 04:57:58
mnist,resnet50,32,sgd,0.001,cosine,20,13,True,98.98571428571428,98.95,759604.4721603394,0.08G,2026-01-23 05:02:28
fashionmnist,resnet18,32,adam,0.001,cosine,20,13,True,92.11428571428571,92.19285714285714,419358.61444473267,0.03G,2026-01-23 05:05:26
fashionmnist,resnet18,32,adam,0.0001,cosine,20,35,True,91.4,90.96428571428571,425873.6228942871,0.03G,2026-01-23 05:13:03
mnist,resnet50,32,sgd,0.0001,cosine,20,35,True,98.11428571428571,98.07142857142857,837150.698184967,0.08G,2026-01-23 05:17:32
fashionmnist,resnet18,32,adam,0.0001,cosine,20,78,True,91.15714285714286,90.60714285714286,384495.74398994446,0.03G,2026-01-23 05:19:54
fashionmnist,resnet18,32,adam,0.0001,cosine,20,13,True,90.97142857142858,91.06428571428572,412325.49357414246,0.03G,2026-01-23 05:27:19
mnist,resnet50,32,sgd,0.0001,cosine,20,78,True,97.95714285714286,98.0,605055.5505752563,0.08G,2026-01-23 05:28:24
mnist,resnet50,32,sgd,0.0001,cosine,20,78,True,97.92857142857143,98.08571428571429,633519.581079483,0.08G,2026-01-23 05:39:04
mnist,resnet50,32,sgd,0.0001,cosine,20,13,True,98.01428571428572,97.94285714285714,770767.1089172363,0.08G,2026-01-23 05:42:17
mnist,resnet50,32,sgd,0.0001,cosine,20,13,True,97.92857142857143,97.84285714285714,750264.4140720367,0.08G,2026-01-23 05:52:27
mnist,resnet50,32,adam,0.001,cosine,20,35,True,99.5,99.42142857142858,830055.6349754333,0.08G,2026-01-23 05:57:07
mnist,resnet50,32,adam,0.001,cosine,20,35,True,99.38571428571429,99.39285714285714,830661.2696647644,0.08G,2026-01-23 06:07:11
mnist,resnet50,32,adam,0.001,cosine,20,78,True,99.4,99.46428571428571,879523.2887268066,0.08G,2026-01-23 06:12:50
mnist,resnet50,32,adam,0.001,cosine,20,78,True,99.27142857142857,99.37857142857143,861952.1782398224,0.08G,2026-01-23 06:22:21
mnist,resnet50,32,adam,0.001,cosine,20,13,True,99.12857142857143,99.18571428571428,715563.0395412445,0.08G,2026-01-23 06:25:31
mnist,resnet50,32,adam,0.001,cosine,20,13,True,99.37142857142857,99.42142857142858,842902.8458595276,0.08G,2026-01-23 06:37:14
mnist,resnet50,32,adam,0.0001,cosine,20,35,True,99.05714285714286,98.85714285714286,852637.9449367523,0.08G,2026-01-23 06:40:46
mnist,resnet50,32,adam,0.0001,cosine,20,35,True,99.01428571428572,98.92142857142858,871030.3511619568,0.08G,2026-01-23 06:52:43
mnist,resnet50,32,adam,0.0001,cosine,20,78,True,98.98571428571428,99.1,894868.4251308441,0.08G,2026-01-23 06:56:43
mnist,resnet50,32,adam,0.0001,cosine,20,78,True,98.78571428571429,98.69285714285714,615207.4289321899,0.08G,2026-01-23 07:03:38
mnist,resnet50,32,adam,0.0001,cosine,20,13,True,99.0,99.10714285714286,916624.6976852417,0.08G,2026-01-23 07:13:04
mnist,resnet50,32,adam,0.0001,cosine,20,13,True,98.94285714285714,98.71428571428571,688714.7934436798,0.08G,2026-01-23 07:15:48
mnist,resnet18,16,adam,0.0001,cosine,20,35,True,99.15714285714286,99.14285714285714,438550.6570339203,0.03G,2026-01-23 07:21:24
mnist,resnet18,16,adam,0.0001,cosine,20,35,True,99.34285714285714,99.17857142857143,510208.98818969727,0.03G,2026-01-23 07:25:16
mnist,resnet18,16,adam,0.0001,cosine,20,78,True,99.01428571428572,99.07142857142857,408563.1139278412,0.03G,2026-01-23 07:28:41
mnist,resnet18,16,adam,0.0001,cosine,20,78,True,99.14285714285714,99.24285714285715,437082.54766464233,0.03G,2026-01-23 07:33:02
mnist,resnet18,16,adam,0.0001,cosine,20,13,True,99.27142857142857,99.30714285714286,759753.95154953,0.03G,2026-01-23 07:42:14
mnist,resnet18,16,adam,0.0001,cosine,20,13,True,99.27142857142857,99.31428571428572,658902.0161628723,0.03G,2026-01-23 07:44:39
mnist,resnet18,32,sgd,0.001,cosine,20,35,True,99.34285714285714,99.25,325642.4300670624,0.03G,2026-01-23 07:48:11
mnist,resnet18,32,sgd,0.001,cosine,20,35,True,99.18571428571428,99.21428571428571,243772.5396156311,0.03G,2026-01-23 07:49:06
mnist,resnet18,32,sgd,0.001,cosine,20,78,True,99.07142857142857,99.09285714285714,205003.63564491272,0.03G,2026-01-23 07:52:49
mnist,resnet18,32,sgd,0.001,cosine,20,78,True,99.2,99.26428571428572,402202.99100875854,0.03G,2026-01-23 07:55:29
mnist,resnet18,32,sgd,0.001,cosine,20,13,True,99.12857142857143,99.26428571428572,269956.98165893555,0.03G,2026-01-23 07:57:40
mnist,resnet18,32,sgd,0.001,cosine,20,13,True,99.14285714285714,99.22142857142858,177729.70128059387,0.03G,2026-01-23 07:58:42
mnist,resnet18,32,sgd,0.0001,cosine,20,35,True,98.42857142857143,98.57857142857142,227428.4589290619,0.03G,2026-01-23 08:02:52
mnist,resnet18,32,sgd,0.0001,cosine,20,35,True,98.74285714285715,98.57857142857142,338219.31982040405,0.03G,2026-01-23 08:03:47
mnist,resnet18,32,sgd,0.0001,cosine,20,78,True,98.64285714285714,98.65,292908.02574157715,0.03G,2026-01-23 08:09:03
mnist,resnet18,32,sgd,0.0001,cosine,20,78,True,98.6,98.73571428571428,357766.9909000397,0.03G,2026-01-23 08:09:23
mnist,resnet18,32,sgd,0.0001,cosine,20,13,True,98.54285714285714,98.42142857142858,228932.63006210327,0.03G,2026-01-23 08:13:11
mnist,resnet18,32,sgd,0.0001,cosine,20,13,True,98.48571428571428,98.56428571428572,430333.23216438293,0.03G,2026-01-23 08:17:13
mnist,resnet18,32,adam,0.0001,cosine,20,35,True,99.28571428571429,99.17857142857143,287207.38339424133,0.03G,2026-01-23 08:18:23
mnist,resnet18,32,adam,0.0001,cosine,20,78,True,99.34285714285714,99.40714285714286,380990.7374382019,0.03G,2026-01-23 08:25:09
mnist,resnet18,32,adam,0.0001,cosine,20,35,True,99.31428571428572,99.32857142857142,477692.90041923523,0.03G,2026-01-23 08:25:53
mnist,resnet18,32,adam,0.0001,cosine,20,13,True,98.88571428571429,98.92857142857143,187584.6037864685,0.03G,2026-01-23 08:28:32
mnist,resnet18,32,adam,0.0001,cosine,20,13,True,99.28571428571429,99.33571428571429,394587.81027793884,0.03G,2026-01-23 08:32:55
fashionmnist,resnet50,16,adam,0.001,none,20,35,True,91.02857142857142,90.46428571428571,1116994.2100048065,0.08G,2026-01-23 11:50:11
fashionmnist,resnet50,16,adam,0.001,none,20,78,True,91.05714285714286,91.04285714285714,1430374.891757965,0.08G,2026-01-23 12:15:21
fashionmnist,resnet50,16,adam,0.0001,none,20,35,True,90.3,90.35,1663337.1958732605,0.08G,2026-01-23 12:52:19
fashionmnist,resnet50,16,adam,0.0001,none,20,78,True,90.91428571428571,90.55,1242667.206287384,0.08G,2026-01-23 13:13:57
fashionmnist,resnet50,16,adam,0.0001,none,20,13,True,90.12857142857143,90.6,1377963.6199474335,0.08G,2026-01-23 13:38:15
fashionmnist,resnet50,16,adam,0.0001,none,10,78,True,90.91428571428571,90.55,758274.9931812286,0.08G,2026-01-23 13:51:42
fashionmnist,resnet50,16,adam,0.0001,none,10,13,True,90.01428571428572,90.33571428571429,755352.5557518005,0.08G,2026-01-23 14:05:02
